{
  "_fv": 24,
  "_type": "recipe",
  "definition": {
    "recipeType": "Crafting",
    "xpReward": 0.0,
    "cookingTime": 200,
    "recipeRetstackSize": 1,
    "group": "",
    "recipeShapeless": false,
    "recipeSlots": [
      {
        "value": "Blocks.COBBLESTONE"
      },
      {
        "value": "Blocks.SMOOTH_STONE"
      },
      {
        "value": "Blocks.COBBLESTONE"
      },
      {
        "value": "Blocks.SMOOTH_STONE"
      },
      {
        "value": "Items.LAVA_BUCKET"
      },
      {
        "value": "Blocks.DISPENSER"
      },
      {
        "value": "Blocks.COBBLESTONE"
      },
      {
        "value": "Blocks.SMOOTH_STONE"
      },
      {
        "value": "Blocks.COBBLESTONE"
      }
    ],
    "recipeReturnStack": {
      "value": "CUSTOM:Reburner"
    },
    "name": "reburner_craft",
    "namespace": "mod"
  }
}