{
  "_fv": 24,
  "_type": "gui",
  "definition": {
    "type": 1,
    "width": 176,
    "height": 166,
    "inventoryOffsetX": 0,
    "inventoryOffsetY": 0,
    "renderBgLayer": true,
    "doesPauseGame": false,
    "components": [
      {
        "type": "inputslot",
        "data": {
          "inputLimit": {
            "value": "Items.COAL#0"
          },
          "color": {
            "value": -13421773,
            "falpha": 0.0
          },
          "id": 0,
          "disableStackInteraction": false,
          "dropItemsWhenNotBound": true,
          "name": "Slot #0",
          "x": 141,
          "y": 62
        }
      },
      {
        "type": "inputslot",
        "data": {
          "inputLimit": {
            "value": "Items.DYE#16"
          },
          "color": {
            "value": -16777216,
            "falpha": 0.0
          },
          "id": 1,
          "disableStackInteraction": false,
          "dropItemsWhenNotBound": true,
          "name": "Slot #1",
          "x": 141,
          "y": 89
        }
      },
      {
        "type": "inputslot",
        "data": {
          "inputLimit": {
            "value": "CUSTOM:MinecoinRip"
          },
          "color": {
            "value": -6710887,
            "falpha": 0.0
          },
          "id": 2,
          "disableStackInteraction": false,
          "dropItemsWhenNotBound": true,
          "name": "Slot #2",
          "x": 168,
          "y": 62
        }
      },
      {
        "type": "inputslot",
        "data": {
          "inputLimit": {
            "value": "CUSTOM:MinecoinRip"
          },
          "color": {
            "value": -6710887,
            "falpha": 0.0
          },
          "id": 3,
          "disableStackInteraction": false,
          "dropItemsWhenNotBound": true,
          "name": "Slot #3",
          "x": 168,
          "y": 89
        }
      },
      {
        "type": "inputslot",
        "data": {
          "inputLimit": {
            "value": "CUSTOM:MinecoinRip"
          },
          "color": {
            "value": -6710887,
            "falpha": 0.0
          },
          "id": 4,
          "disableStackInteraction": false,
          "dropItemsWhenNotBound": true,
          "name": "Slot #4",
          "x": 195,
          "y": 62
        }
      },
      {
        "type": "inputslot",
        "data": {
          "inputLimit": {
            "value": "CUSTOM:MinecoinRip"
          },
          "color": {
            "value": -6710887,
            "falpha": 0.0
          },
          "id": 5,
          "disableStackInteraction": false,
          "dropItemsWhenNotBound": true,
          "name": "Slot #5",
          "x": 195,
          "y": 89
        }
      },
      {
        "type": "outputslot",
        "data": {
          "id": 6,
          "disableStackInteraction": false,
          "dropItemsWhenNotBound": true,
          "onTakenFromSlot": {
            "name": "ExpSound"
          },
          "name": "Slot #6",
          "x": 267,
          "y": 62
        }
      },
      {
        "type": "image",
        "data": {
          "image": "black_dye_je1_be116.png",
          "use1Xscale": false,
          "name": "black_dye_je1_be116.png",
          "x": 141,
          "y": 62
        }
      },
      {
        "type": "image",
        "data": {
          "image": "coal_je4_be316.png",
          "use1Xscale": false,
          "name": "coal_je4_be316.png",
          "x": 141,
          "y": 89
        }
      },
      {
        "type": "image",
        "data": {
          "image": "minecoin_rip16.png",
          "use1Xscale": false,
          "name": "minecoin_rip16.png",
          "x": 168,
          "y": 62
        }
      },
      {
        "type": "image",
        "data": {
          "image": "minecoin_rip16.png",
          "use1Xscale": false,
          "name": "minecoin_rip16.png",
          "x": 168,
          "y": 89
        }
      },
      {
        "type": "image",
        "data": {
          "image": "minecoin_rip16.png",
          "use1Xscale": false,
          "name": "minecoin_rip16.png",
          "x": 195,
          "y": 62
        }
      },
      {
        "type": "image",
        "data": {
          "image": "minecoin_rip16.png",
          "use1Xscale": false,
          "name": "minecoin_rip16.png",
          "x": 195,
          "y": 89
        }
      },
      {
        "type": "image",
        "data": {
          "image": "arrow.png",
          "use1Xscale": false,
          "name": "arrow.png",
          "x": 141,
          "y": 80
        }
      },
      {
        "type": "image",
        "data": {
          "image": "arrow.png",
          "use1Xscale": false,
          "name": "arrow.png",
          "x": 168,
          "y": 80
        }
      },
      {
        "type": "image",
        "data": {
          "image": "arrow.png",
          "use1Xscale": false,
          "name": "arrow.png",
          "x": 195,
          "y": 80
        }
      },
      {
        "type": "image",
        "data": {
          "image": "arrow_side.png",
          "use1Xscale": false,
          "name": "arrow_side.png",
          "x": 159,
          "y": 89
        }
      },
      {
        "type": "image",
        "data": {
          "image": "arrow_side.png",
          "use1Xscale": false,
          "name": "arrow_side.png",
          "x": 186,
          "y": 89
        }
      },
      {
        "type": "image",
        "data": {
          "image": "arrowlong.png",
          "use1Xscale": false,
          "name": "arrowlong.png",
          "x": 213,
          "y": 80
        }
      },
      {
        "type": "label",
        "data": {
          "text": "Fuel",
          "color": {
            "value": -12829636,
            "falpha": 0.0
          },
          "name": "Fuel",
          "x": 141,
          "y": 53
        }
      },
      {
        "type": "label",
        "data": {
          "text": "Minecoins",
          "color": {
            "value": -12829636,
            "falpha": 0.0
          },
          "name": "Minecoins",
          "x": 168,
          "y": 53
        }
      },
      {
        "type": "label",
        "data": {
          "text": "Output",
          "color": {
            "value": -12829636,
            "falpha": 0.0
          },
          "name": "Output",
          "x": 258,
          "y": 53
        }
      }
    ],
    "gridSettings": {
      "sx": 18,
      "sy": 18,
      "ox": 11,
      "oy": 15,
      "snapOnGrid": true
    }
  }
}