{
  "_fv": 24,
  "_type": "gui",
  "definition": {
    "type": 1,
    "width": 210,
    "height": 176,
    "inventoryOffsetX": 0,
    "inventoryOffsetY": 0,
    "renderBgLayer": true,
    "doesPauseGame": false,
    "components": [
      {
        "type": "label",
        "data": {
          "text": "Returner",
          "color": {
            "value": -16750852,
            "falpha": 0.0
          },
          "name": "Returner",
          "x": 114,
          "y": 35
        }
      },
      {
        "type": "inputslot",
        "data": {
          "inputLimit": {
            "value": ""
          },
          "id": 0,
          "disableStackInteraction": false,
          "dropItemsWhenNotBound": true,
          "name": "Slot #0",
          "x": 150,
          "y": 71
        }
      },
      {
        "type": "outputslot",
        "data": {
          "id": 2,
          "disableStackInteraction": false,
          "dropItemsWhenNotBound": false,
          "name": "Slot #2",
          "x": 249,
          "y": 53
        }
      },
      {
        "type": "outputslot",
        "data": {
          "id": 3,
          "disableStackInteraction": false,
          "dropItemsWhenNotBound": false,
          "name": "Slot #3",
          "x": 267,
          "y": 53
        }
      },
      {
        "type": "outputslot",
        "data": {
          "id": 4,
          "disableStackInteraction": false,
          "dropItemsWhenNotBound": false,
          "name": "Slot #4",
          "x": 231,
          "y": 71
        }
      },
      {
        "type": "outputslot",
        "data": {
          "id": 5,
          "disableStackInteraction": false,
          "dropItemsWhenNotBound": false,
          "name": "Slot #5",
          "x": 249,
          "y": 71
        }
      },
      {
        "type": "outputslot",
        "data": {
          "id": 6,
          "disableStackInteraction": false,
          "dropItemsWhenNotBound": false,
          "name": "Slot #6",
          "x": 267,
          "y": 71
        }
      },
      {
        "type": "outputslot",
        "data": {
          "id": 7,
          "disableStackInteraction": false,
          "dropItemsWhenNotBound": false,
          "name": "Slot #7",
          "x": 231,
          "y": 89
        }
      },
      {
        "type": "outputslot",
        "data": {
          "id": 8,
          "disableStackInteraction": false,
          "dropItemsWhenNotBound": false,
          "name": "Slot #8",
          "x": 249,
          "y": 89
        }
      },
      {
        "type": "outputslot",
        "data": {
          "id": 9,
          "disableStackInteraction": false,
          "dropItemsWhenNotBound": false,
          "name": "Slot #9",
          "x": 267,
          "y": 89
        }
      },
      {
        "type": "image",
        "data": {
          "image": "arrow_side.png",
          "use1Xscale": false,
          "name": "arrow_side.png",
          "x": 168,
          "y": 71
        }
      },
      {
        "type": "button",
        "data": {
          "text": "Return",
          "onClick": {
            "name": "ReturnerGUIButtonClick"
          },
          "width": 46,
          "height": 20,
          "name": "Return",
          "x": 177,
          "y": 71
        }
      },
      {
        "type": "outputslot",
        "data": {
          "id": 1,
          "disableStackInteraction": false,
          "dropItemsWhenNotBound": false,
          "name": "Slot #1",
          "x": 231,
          "y": 53
        }
      }
    ],
    "gridSettings": {
      "sx": 18,
      "sy": 18,
      "ox": 11,
      "oy": 15,
      "snapOnGrid": true
    }
  }
}