{
  "display": {
    "background": "minecraft:textures/block/stone.png",
    "icon": {
      "item": "moneys:minecoin_1"
    },
    "title": {
      "translate": "advancements.obtain_1_minecoin.title"
    },
    "description": {
      "translate": "advancements.obtain_1_minecoin.descr"
    },
    "frame": "goal",
    "show_toast": true,
    "announce_to_chat": true,
    "hidden": false
  },
  "criteria": {
    "obtain_1_minecoin": {
      "trigger": "minecraft:inventory_changed",
      "conditions": {
        "items": [
          {
            "item": "moneys:minecoin_1",
            "count": {
              "min": 1,
              "max": 64
            }
          }
        ]
      }
    }
  },
  "rewards": {
    "experience": 3
  }
}