{
  "_fv": 24,
  "_type": "armor",
  "definition": {
    "enableHelmet": true,
    "textureHelmet": "hardenedoil_head",
    "enableBody": true,
    "textureBody": "hardenedoil_body",
    "enableLeggings": true,
    "textureLeggings": "hardenedoil_leggings",
    "enableBoots": true,
    "textureBoots": "hardenedoil_boots",
    "creativeTab": {
      "value": "CUSTOM:MoneysTab"
    },
    "armorTextureFile": "hardenedoil",
    "helmetName": "HardenedOil Helmet",
    "bodyName": "HardenedOil Chestplate",
    "leggingsName": "HardenedOil Leggings",
    "bootsName": "HardenedOil Boots",
    "helmetSpecialInfo": [],
    "bodySpecialInfo": [],
    "leggingsSpecialInfo": [],
    "bootsSpecialInfo": [],
    "helmetModelName": "Default",
    "helmetModelPart": "Helmet",
    "helmetModelTexture": "From armor",
    "bodyModelName": "Default",
    "bodyModelPart": "Body",
    "armsModelPartL": "Arms L",
    "armsModelPartR": "Arms R",
    "bodyModelTexture": "From armor",
    "leggingsModelName": "Default",
    "leggingsModelPartL": "Leggings L",
    "leggingsModelPartR": "Leggings R",
    "leggingsModelTexture": "From armor",
    "bootsModelName": "Default",
    "bootsModelPartL": "Boots L",
    "bootsModelPartR": "Boots R",
    "bootsModelTexture": "From armor",
    "helmetImmuneToFire": false,
    "bodyImmuneToFire": false,
    "leggingsImmuneToFire": false,
    "bootsImmuneToFire": false,
    "maxDamage": 18,
    "damageValueHelmet": 2,
    "damageValueBody": 6,
    "damageValueLeggings": 7,
    "damageValueBoots": 2,
    "enchantability": 11,
    "toughness": 0.0,
    "knockbackResistance": 0.0,
    "equipSound": {
      "value": ""
    },
    "repairItems": [
      {
        "value": "CUSTOM:OilHard"
      }
    ]
  }
}