{
  "_fv": 24,
  "_type": "recipe",
  "definition": {
    "recipeType": "Crafting",
    "xpReward": 0.0,
    "cookingTime": 200,
    "recipeRetstackSize": 1,
    "group": "",
    "recipeShapeless": false,
    "recipeSlots": [
      {
        "value": "Items.DYE#16"
      },
      {
        "value": "CUSTOM:OilHard"
      },
      {
        "value": "Items.DYE#16"
      },
      {
        "value": "CUSTOM:OilHard"
      },
      {
        "value": "CUSTOM:Oil"
      },
      {
        "value": "CUSTOM:OilHard"
      },
      {
        "value": "Items.DYE#16"
      },
      {
        "value": "CUSTOM:OilHard"
      },
      {
        "value": "Items.DYE#16"
      }
    ],
    "recipeReturnStack": {
      "value": "CUSTOM:BlackOil"
    },
    "name": "black_oil_recipe",
    "namespace": "mod"
  }
}