{
  "_fv": 24,
  "_type": "recipe",
  "definition": {
    "recipeType": "Crafting",
    "xpReward": 0.0,
    "cookingTime": 200,
    "recipeRetstackSize": 1,
    "group": "",
    "recipeShapeless": true,
    "recipeSlots": [
      {
        "value": "Items.PAPER"
      },
      {
        "value": ""
      },
      {
        "value": "Items.DYE#11"
      },
      {
        "value": ""
      },
      {
        "value": "Items.DYE#16"
      },
      {
        "value": ""
      },
      {
        "value": ""
      },
      {
        "value": ""
      },
      {
        "value": ""
      }
    ],
    "recipeReturnStack": {
      "value": "CUSTOM:Minecoin1"
    },
    "name": "mc_1_craft",
    "namespace": "mod"
  }
}