{
  "_fv": 24,
  "_type": "tool",
  "definition": {
    "renderType": 0,
    "texture": "money_axe",
    "customModelName": "Normal",
    "name": "Money Wood Axe",
    "specialInfo": [],
    "creativeTab": {
      "value": "CUSTOM:MoneysTab"
    },
    "toolType": "Axe",
    "harvestLevel": 1,
    "efficiency": 4.0,
    "attackSpeed": 1.0,
    "enchantability": 7,
    "damageVsEntity": 5.0,
    "usageCount": 95,
    "blocksAffected": [],
    "hasGlow": false,
    "repairItems": [
      {
        "value": "CUSTOM:MoneyPlanks"
      }
    ],
    "immuneToFire": false,
    "stayInGridWhenCrafting": false,
    "damageOnCrafting": false
  }
}